"","FIPS","State","County","Deaths","Years of Potential Life Lost Rate","% Fair or Poor Health","Average Number of Physically Unhealthy Days","Average Number of Mentally Unhealthy Days","% Low Birthweight","% Smokers","% Adults with Obesity","Food Environment Index","% Physically Inactive","% With Access to Exercise Opportunities","% Excessive Drinking","# Alcohol-Impaired Driving Deaths","# Driving Deaths","% Driving Deaths with Alcohol Involvement","# Chlamydia Cases","Chlamydia Rate","Teen Birth Rate","# Uninsured","% Uninsured","# Primary Care Physicians","Primary Care Physicians Rate","Primary Care Physicians Ratio","# Dentists","Dentist Rate","Dentist Ratio","# Mental Health Providers","Mental Health Provider Rate","Mental Health Provider Ratio","Preventable Hospitalization Rate","% With Annual Mammogram","% Vaccinated","Cohort Size","High School Graduation Rate","# Some College","Population","% Some College","# Unemployed","Labor Force","% Unemployed","% Children in Poverty","80th Percentile Income","20th Percentile Income","Income Ratio","# Single-Parent Households","# Households","% Single-Parent Households","# Associations","Social Association Rate","Annual Average Violent Crimes","Violent Crime Rate","# Injury Deaths","Injury Death Rate","Average Daily PM2.5","Presence of Water Violation","% Severe Housing Problems","Severe Housing Cost Burden","Overcrowding","Inadequate Facilities","% Drive Alone to Work","# Workers who Drive Alone","% Long Commute - Drives Alone"
"1","17000","Illinois",NA,143465,6683.4372243,17.198676439,3.7528282633,3.8353229638,8.3125686438,15.459403452,29.7,8.6,22.3,90.799393202,21.444618067,1636,5121,31.946885374,75518,589.9,21.278189522,837890,7.8885263268,10241,79.99517,"1250:1",9927,77.91333,"1283:1",29254,229.60377,"436:1",5092,43,46,NA,85.4,2373332,3431354,69.16604932,278358,6469683,4.3024982831,16.2,127239,25553,4.9794153328,942131,2902183,32.46283918,12729,9.9429597963,51758.5,403.07032297,39923,62.296738419,11.5,NA,17.319936486,NA,NA,NA,73.091537364,6124144,41.3
"2","17001","Illinois","Adams",895,7087.0936201,14.772517959,3.7135027448,4.0718884052,7.6694619147,15.457187119,36.6,8.3,27.6,81.886055765,19.67664752,10,34,29.411764706,272,410.7,26.95456851,2728,5.2365870045,59,89.07812,"1123:1",49,74.59165,"1341:1",172,261.83191,"382:1",6027,50,41,NA,91.510770381,10684,15696,68.068297655,1277,32893,3.8822849846,15.9,97200,23003,4.2255357997,4642,14784,31.398809524,97,14.645046351,229,346.26928864,292,87.818492409,10.7,"Yes",10.994860499,9.388283127,0.9728340675,1.0462555066,82.307980283,32054,16
"3","17003","Illinois","Alexander",140,9900.3563799,24.272540011,4.8797433771,4.9253294313,8.3194675541,21.551918626,26.2,5.4,22.6,58.351541636,14.512381251,2,5,40,48,760.1,51.602814699,311,6.3651248465,1,15.83531,"6315:1",2,33.0033,"3030:1",26,429.0429,"233:1",5385,45,35,NA,92.547115385,582,1401,41.541755889,171,2153,7.9424059452,44.5,63894,14944,4.2755620985,876,1562,56.081946223,8,12.668250198,92,1316.354271,35,105.66037736,11.3,"No",17.554240631,14.411882778,2.9191321499,0.9467455621,86.070110701,2168,43.7
"4","17005","Illinois","Bond",214,7288.1013403,15.598466912,3.7656171298,4.0183938855,8.9034676664,16.571008524,25.5,8.4,24.9,62.719495723,20.247655725,8,18,44.444444444,55,324.5,17.882895875,802,6.6122516283,12,70.80481,"1412:1",3,18.03969,"5543:1",26,156.34396,"640:1",4068,40,46,NA,91.731825273,2586,4171,61.999520499,347,7929,4.3763400177,18.3,106225,23908,4.4430734482,740,3186,23.226616447,19,11.210762332,6.5,39.246467818,76,89.812221553,11.3,"No",13.636363636,9.7090606816,2.5619834711,1.5702479339,77.602394884,7349,35.6
"5","17007","Illinois","Boone",586,6016.1864055,15.614342008,3.6845202461,3.8412610331,6.6633391565,15.135819484,33.4,8.8,26.6,88.837810394,20.002377203,9,30,30,154,287.8,17.802503477,3383,7.5019403482,30,56.06114,"1784:1",19,35.46298,"2820:1",22,41.0624,"2435:1",5445,43,48,NA,91.256327769,7288,12451,58.533451128,1523,26473,5.7530313905,13.5,123282,29596,4.1654953372,4084,13643,29.934765081,35,6.5404668025,91.5,170.90824189,148,55.21419751,11.4,"No",13.854930725,11.729240888,2.4721543059,0.1901657158,83.274245647,25386,37.6
"6","17009","Illinois","Brown",77,5628.0617043,15.601500675,3.6198731876,3.7038532874,6.5217391304,16.962569089,23.4,7.5,23.2,75.695545625,23.068513354,0,2,0,6,89.3,28.402366864,136,3.6247334755,1,14.88982,"6716:1",NA,NA,NA,21,320.31727,"312:1",5062,45,32,NA,92.5,1098,2256,48.670212766,78,2896,2.6933701657,14.8,100946,23893,4.2249194325,192,1046,18.355640535,7,10.422870756,6.5,134.39470692,18,53.420388782,10.3,"No",7.7464788732,6.3477025107,2.8169014085,0,84.238905019,2411,16.1
"7","17011","Illinois","Bureau",487,7205.6709591,15.165622447,3.6541520785,3.9133763266,6.3127090301,14.711604734,27.4,8,30.4,77.797472697,19.695580918,14,38,36.842105263,65,195.5,18.024311863,1578,6.0713323843,16,48.13043,"2078:1",12,36.37135,"2749:1",22,66.68081,"1500:1",2647,43,42,NA,83.994395079,4213,7216,58.384146341,871,17390,5.0086256469,17.1,101365,25363,3.9965698064,2384,7171,33.245014642,55,16.544836507,41.5,131.69377231,148,88.611081175,11.5,"No",10.9882269,9.2429135271,1.5340706386,0.6064930432,83.033856629,15861,22
"8","17013","Illinois","Calhoun",NA,NA,13.69214692,3.5368197619,3.9319982649,6.4220183486,14.825065819,36.2,8.4,23.4,30.24169778,19.543815519,0,2,0,5,103.5,15.353121801,223,5.9881847476,2,41.38216,"2417:1",1,20.82466,"4802:1",NA,NA,NA,4241,34,42,NA,86.410344828,680,964,70.539419087,125,2340,5.3418803419,15.3,104079,20385,5.1056659308,194,957,20.271682341,0,0,NA,NA,14,57.414698163,10.8,"No",9.3023255814,8.2291666667,2.2739018088,0.2067183463,79.538763494,2038,60.1
"9","17015","Illinois","Carroll",220,6472.7895525,13.532288519,3.4911679732,3.8562819452,5.9183673469,14.349959406,25.1,8.3,28.3,71.365438357,18.974353087,6,16,37.5,31,213.5,24.031563845,757,6.9833948339,5,34.44001,"2904:1",4,27.94857,"3578:1",18,125.76859,"795:1",4724,40,46,NA,93.571914894,1696,2972,57.065948856,335,7525,4.4518272425,17,91556,22127,4.1377502599,673,2762,24.366401159,23,15.842402535,6,46.851208371,61,83.906464924,10.7,"Yes",10.45112782,9.7319524825,1.2030075188,0.5263157895,82.101047443,6492,34.6
"10","17017","Illinois","Cass",173,7231.5257754,17.318096731,3.7876673704,4.0670810801,8.3540115798,15.9206666,34.7,8.8,26.9,60.181791526,19.70301273,4,15,26.666666667,47,375.8,38.791495711,874,8.5035999222,NA,NA,NA,8,65.25285,"1533:1",67,546.49266,"183:1",5951,36,38,NA,84.84736,1450,3132,46.296296296,277,6162,4.4952937358,15.8,94475,23614,4.0008046074,1055,3022,34.910655195,17,13.594562175,67,518.05458904,47,74.081079377,10.8,"No",9.3658536585,5.8997050147,2.4390243902,1.4634146341,80.337916184,6037,28.5
"11","17019","Illinois","Champaign",1764,5919.5112493,16.332737938,3.8642220678,4.027667506,8.2687651332,15.765181249,30.8,7.5,22.1,84.216808152,20.563806152,23,88,26.136363636,1704,813.8,12.836841879,10225,6.0591156358,199,95.03388,"1052:1",135,64.29092,"1555:1",528,251.44893,"398:1",5169,44,48,NA,86.297385241,42661,53335,79.98687541,4653,105669,4.4033727962,17.5,109091,17064,6.3930496953,13191,38615,34.160300401,249,11.891174265,1007,487.2054149,588,56.332900617,11.8,"Yes",19.791148682,17.754281266,3.294380905,0.8453505719,70.173405864,101842,13
"12","17021","Illinois","Christian",483,7327.3768236,14.400168551,3.6455162721,3.9688611164,8.7953313881,15.659156087,29.2,8.4,29.2,67.261494253,20.224345409,10,29,34.482758621,105,317.2,30.833591571,1524,6.026812196,13,39.27255,"2546:1",8,24.49404,"4083:1",19,58.17336,"1719:1",6709,46,42,NA,90.724602626,4471,7977,56.04863984,785,14837,5.2908269866,17.9,93517,21289,4.3927380337,2513,6772,37.108682812,48,14.500634403,49.5,184.74630041,143,85.831242572,11.5,"No",8.4172661871,7.2573529412,0.8633093525,0.6115107914,81.44903918,14727,40.4
"13","17023","Illinois","Clark",226,7532.3294977,15.401350458,3.8193463485,4.1926659159,8.3397092578,16.057719883,36.8,8.4,28.2,61.328435874,19.538929539,4,17,23.529411765,20,126.8,28.148990617,751,5.9166469708,7,44.39652,"2252:1",2,12.8238,"7798:1",4,25.6476,"3899:1",6770,35,36,NA,89.415291262,2302,3532,65.175537939,402,7775,5.1704180064,16.2,101640,24527,4.1440045664,1186,3591,33.027011974,28,17.758609755,24,189.13274755,65,81.802164611,11.4,"No",8.5393258427,6.5610859729,1.797752809,0.1198501873,81.155579115,7546,29.4
"14","17025","Illinois","Clay",211,7557.2849224,14.938190571,3.7583062795,4.1050957267,7.3741007194,15.831943526,23.5,8.4,35.1,52.247557003,19.650199991,4,10,40,30,226.1,39.985052317,652,6.2036156042,2,15.07273,"6635:1",7,52.81823,"1893:1",16,120.72738,"828:1",2511,46,38,NA,83.594516129,1854,2943,62.996941896,351,6611,5.30933293,18.8,90784,19352,4.6911947086,1283,2939,43.654304185,27,20.348179968,8,59.755004482,46,68.893215516,11.6,"No",9.8389982111,7.009009009,3.2021466905,0.5366726297,83.824991714,6034,26.4
"15","17027","Illinois","Clinton",414,6112.7061718,12.990591612,3.3393311503,3.7668305067,6.5963957837,15.021206292,38.9,8.7,21,63.865791007,23.212683991,3,34,8.8235294118,114,303.1,16.766467066,1415,4.7577418379,13,34.5616,"2893:1",12,31.88182,"3137:1",17,45.16592,"2214:1",3090,48,40,NA,86.472071373,6567,9846,66.697135893,728,20378,3.5724801256,10.2,115316,29507,3.9080896059,2170,7956,27.275012569,45,11.963630563,50.5,146.249638,114,60.437375746,11.6,"No",9.7787294789,8.3652111151,1.0635260528,0.6423982869,84.296619411,18340,37.7
"16","17029","Illinois","Coles",604,6782.1213222,17.736598203,4.1569269894,4.5033126758,7.6572729861,18.788086045,36.6,7.5,29.9,76.776864106,19.956051145,9,37,24.324324324,338,650.3,16.547192354,2788,6.9443060676,39,75.0303,"1333:1",27,53.06082,"1885:1",167,328.19102,"305:1",8415,45,42,NA,93.802099334,8451,12419,68.048957243,1171,24195,4.8398429428,21.8,87837,16408,5.3533032667,3665,9300,39.408602151,70,13.466977048,146.5,277.51205236,140,53.629983758,11.6,"No",15.169471439,14.166261546,0.971794264,0.8295804693,76.459602111,24630,18.3
"17","17031","Illinois","Cook",57660,7012.1419751,17.140851058,3.4710878007,3.6623129607,8.9574233719,13.776183162,28,8.3,21,99.145933095,22.237901344,399,1294,30.834621329,42422,814,24.486249899,437634,9.972268492,4863,93.31711,"1072:1",4718,91.07241,"1098:1",14046,271.1325,"369:1",5194,40,45,NA,88.180003292,1099021,1557994,70.540772301,105409,2611512,4.0363207215,18.8,129866,23452,5.5375234522,429260,1152812,37.235906635,3757,7.2093847499,31924.5,619.81359093,15701,60.203389373,15,"Yes",22.168420351,19.221363413,3.6277832861,0.8118958498,61.402349642,2498849,53
"18","17033","Illinois","Crawford",254,6747.5951688,14.346339843,3.5523848374,3.8826022454,8.3733699382,15.979574429,27.5,8.3,29,61.538073371,20.9788441,3,12,25,26,137.1,30.160486995,839,5.9251412429,11,58.01382,"1724:1",7,37.22018,"2687:1",38,202.05243,"495:1",2689,47,40,NA,88.611032028,3088,4959,62.270619076,470,8777,5.354904865,17.1,102220,21805,4.6879156157,966,3743,25.80817526,30,15.821950319,42,288.53089685,71,74.04858004,11.7,"No",10.86240948,8.521070766,1.1718235681,1.3166556945,82.868779432,7857,15.4
"19","17035","Illinois","Cumberland",129,6408.9356941,14.496170442,3.70454089,4.0553933461,7.3988439306,15.863592846,32.5,NA,28,1.330557567,20.198195317,2,14,14.285714286,18,165,21.69197397,574,6.5301478953,NA,NA,NA,1,9.25241,"10808:1",4,37.00962,"2702:1",7774,45,36,NA,87.352813853,1437,2536,56.664037855,246,6080,4.0460526316,15.2,92767,22864,4.0573390483,578,2469,23.410287566,11,10.084341768,12.5,115.15961122,29,53.40208084,11.6,"No",10.332541568,7.7015643803,2.1377672209,0.593824228,85.026218683,5149,32.6
"20","17037","Illinois","DeKalb",930,5669.1522196,15.743360243,3.8648761841,4.1703728979,7.4074074074,15.89541067,31.7,7.2,19.8,84.329593001,23.18572685,20,50,40,571,545.2,10.252080569,5450,6.307213369,32,30.55388,"3273:1",64,61.45396,"1627:1",253,242.93519,"412:1",5605,39,50,NA,89.926627106,19419,26014,74.648266318,2440,55487,4.3974264242,13.2,115691,23980,4.8244787323,7560,22294,33.910469185,97,9.2616462815,283,275.76126675,283,54.088353229,12.1,"No",19.376421785,17.004489185,2.7137695705,0.6663990365,80.122789008,50656,36.5
"21","17039","Illinois","De Witt",231,8207.0808754,13.917358386,3.5982665338,3.9153217245,7.6033057851,15.47872977,27.5,8.7,25,77.04848741,20.231840456,2,12,16.666666667,34,213.3,27.084601339,669,5.2058205587,6,37.63643,"2657:1",5,31.70778,"3154:1",7,44.39089,"2253:1",4976,45,43,NA,87.310658683,2425,3756,64.563365282,385,7582,5.0778158797,17.4,103032,27273,3.777802222,859,3480,24.683908046,22,13.800025091,27,188.23201339,68,84.505641994,11.5,"No",7.8125,6.3861758077,1.2648809524,0.2083333333,85.692995529,8052,36.9
"22","17041","Illinois","Douglas",246,6829.6754456,15.062310608,3.7090565328,3.9898038107,6.4053009387,15.715028593,30.9,8.7,24.2,70.840840841,20.249370529,2,17,11.764705882,48,243.1,19.808743169,1499,9.2782867046,6,30.38282,"3291:1",11,56.47107,"1771:1",3,15.4012,"6493:1",6882,45,44,NA,96.455864811,2587,4780,54.121338912,419,10212,4.1030160595,13.3,102553,23923,4.2867951344,1216,4890,24.867075665,30,15.191411789,36,223.22120601,72,73.045277927,11.5,"No",10.978835979,8.6229946524,1.8518518519,1.0582010582,75.840517241,9280,34.2
"23","17043","Illinois","DuPage",7045,4285.5627729,12.902530389,3.1948201429,3.7184269267,7.0265534439,12.257496254,26.9,9.1,18.1,99.626359437,19.848500634,43,173,24.855491329,2495,268.2,8.720363302,50216,6.3975946593,1255,134.92767,"741:1",1000,107.69027,"929:1",2773,298.62512,"335:1",4037,44,52,NA,94.307007076,186915,238421,78.397037174,15924,508650,3.1306399292,7.9,166159,39243,4.2341054456,41665,213675,19.499239499,868,9.3320489223,827,88.585961321,1863,40.025532122,13.2,"No",15.873858725,13.590481444,2.3865362774,0.7183208697,76.876790652,480621,41.9
"24","17045","Illinois","Edgar",268,8341.9541081,14.654341529,3.6667019801,4.0708523132,8.9481946625,15.360290299,30.9,7.2,28.9,53.321490095,19.369227272,1,17,5.8823529412,52,300.1,27.886224205,816,6.0119354601,6,34.62604,"2888:1",5,28.80184,"3472:1",19,109.447,"914:1",6728,34,32,NA,86.90917226,2463,4004,61.513486513,430,9200,4.6739130435,19.5,86813,21210,4.0930221594,1352,3624,37.306843267,27,15.581717452,48,293.76663913,67,76.345446051,11.3,"Yes",11.314584696,9.5962938451,0.7194244604,1.3734466972,82.337758112,8136,24.8
"25","17047","Illinois","Edwards",93,6571.3980272,13.881104925,3.6179139246,3.9783975196,7.8039927405,14.986962353,30.2,8.2,26.5,42.225859247,20.096014077,0,5,0,8,123.3,32.975460123,297,5.8189655172,NA,NA,NA,1,15.64456,"6392:1",3,46.93367,"2131:1",2955,40,35,NA,98.4,974,1409,69.127040454,126,2779,4.5340050378,14.7,92968,22631,4.1079934603,341,1438,23.71349096,14,21.584952205,NA,NA,30,92.16023593,11.7,"No",7.9422382671,6.384531193,0.8664259928,0.6859205776,84.625668449,2992,26.3
"26","17049","Illinois","Effingham",385,6421.3367039,14.113453311,3.4997723471,3.853931753,7.3547979798,15.118282713,27.2,8.5,21.6,57.572571696,22.624965039,5,30,16.666666667,62,181.6,27.470156767,1575,5.5948278924,28,82.03445,"1219:1",26,76.00561,"1316:1",60,175.39757,"570:1",5193,54,34,NA,92.339035667,5541,8365,66.24028691,716,19119,3.7449657409,12.7,105880,25382,4.1714600898,2121,7963,26.635690067,52,15.234970116,60.5,180.76428934,138,80.505434117,11.8,"No",7.5478783327,6.1695685087,1.0814870447,0.8261359369,85.749400129,17087,15.6
"27","17051","Illinois","Fayette",312,7409.7963725,16.639989066,3.9971485183,4.1925291955,7.4204946996,17.433242818,24.2,7.2,27,52.926829268,19.784990008,5,33,15.151515152,40,183.6,34.112149533,1152,7.2004500281,3,13.77158,"7261:1",9,42.02465,"2380:1",17,79.3799,"1260:1",5275,41,40,NA,89.141138422,2827,5418,52.177925434,519,9810,5.2905198777,20.9,93174,19952,4.6699077787,1544,4468,34.556848702,35,16.066838046,28,135.33761902,94,86.316137445,11.5,"Yes",10.91503268,8.8859416446,2.0261437908,0.8366013072,84.96249414,8532,30.2
"28","17053","Illinois","Ford",219,7920.2442309,15.316361684,3.7984029755,4.1265886627,6.492248062,16.441938417,25.2,8,27.8,65.002485619,19.691862117,7,17,41.176470588,31,233.4,24.125042474,661,6.1868214152,10,75.3012,"1328:1",5,37.69602,"2653:1",66,497.58745,"201:1",3549,45,30,NA,84.907,1933,3020,64.006622517,305,6334,4.8152826018,15.9,98493,22318,4.413164262,1090,3049,35.749426041,23,17.319277108,33.5,252.25903614,48,71.065839539,11.5,"Yes",10.591350397,7.7638640429,1.094439541,1.8534863195,80.394375303,6187,36.5
"29","17055","Illinois","Franklin",740,9524.3328824,17.292388593,4.1745129313,4.3445447898,8.4888621312,17.773051014,26.6,7.8,28.5,59.869568514,18.542169354,14,42,33.333333333,103,263.8,45.819733869,2082,6.7544770309,13,33.29833,"3003:1",15,38.75869,"2580:1",254,656.31379,"152:1",6875,39,35,NA,83.336198347,5863,9202,63.714409911,1049,17065,6.1470846762,26,82143,16805,4.888009521,3220,8447,38.120042619,64,16.39302272,57,160.30824181,215,109.80928936,11.7,"No",11.402966625,9.7095959596,1.1433868974,1.174289246,83.578850454,15206,35.2
"30","17057","Illinois","Fulton",574,8015.369587,15.800072405,3.8792065589,4.018733185,7.7308817384,16.784846708,28.8,7.9,23.2,56.982923737,19.382443468,7,23,30.434782609,103,293.4,31.881918819,1636,6.3841411067,11,31.33011,"3192:1",7,20.08954,"4978:1",19,54.52876,"1834:1",5795,39,35,NA,89.029985755,5236,8781,59.628743879,951,15224,6.246715712,20.5,91211,21117,4.3193161907,2910,6986,41.654738048,59,16.804329251,36,115.29038766,141,79.572902323,11.2,"No",10.863411182,8.8944543828,1.0898796886,1.2384996461,85.391222655,14902,38.6
"31","17059","Illinois","Gallatin",106,10592.794228,16.572608522,4.0208402201,4.3018387167,7.5268817204,17.027156625,23,5.8,24.2,36.536052961,18.316860763,0,3,0,4,78.7,35.602094241,257,6.622004638,1,19.68504,"5080:1",NA,NA,NA,NA,NA,NA,7096,37,31,NA,89.5,660,1150,57.391304348,140,2434,5.7518488085,31.9,84849,17754,4.7791483609,455,1069,42.563143124,6,11.811023622,8,179.67434026,26,100.3628503,11.4,"No",5.6644880174,3.6123348018,0.6100217865,1.74291939,85.533980583,2060,41.8
"32","17061","Illinois","Greene",212,9478.3375679,15.498565151,3.8623339312,4.1138292776,7.1729957806,16.87536568,28.2,7.9,28.3,55.653175861,19.516636448,6,15,40,29,220.1,28.708133971,669,6.4296011533,3,22.77213,"4391:1",4,30.66544,"3261:1",NA,NA,NA,6002,39,35,NA,95.242807018,1555,3103,50.11279407,295,6015,4.9044056525,19.9,86829,20116,4.3164147942,999,2750,36.327272727,17,12.904205253,27,202.94648226,75,113.66047343,10.8,"Yes",10.984848485,8.9423076923,1.2310606061,1.0416666667,83.367071525,5928,44
"33","17063","Illinois","Grundy",563,6220.7923645,13.514413201,3.3177838087,3.7293429138,6.976744186,14.514442128,34.9,8.6,24.6,87.50973773,22.156978916,16,38,42.105263158,120,237.2,13.850181573,2181,4.9975940056,16,31.6293,"3162:1",20,39.23723,"2549:1",63,123.59727,"809:1",5451,44,45,NA,93.817420397,8958,13469,66.508278269,1183,25255,4.6842209463,8.3,132983,34403,3.8654477807,3083,12736,24.206972362,48,9.4887913652,50,101.41679259,148,58.507042588,12,"No",14.640734738,12.628117292,1.3722312264,1.8368449487,88.560720251,24547,43.9
"34","17065","Illinois","Hamilton",113,6870.0768063,15.21274661,3.7439671315,4.0746629873,7.0085470085,16.029568925,25.4,8.3,27.5,11.682629774,19.442642487,3,6,50,9,109.8,26.84144819,364,5.6848352335,4,48.81621,"2049:1",1,12.2504,"8163:1",2,24.5008,"4082:1",7113,38,35,NA,98.7,1301,1807,71.997786386,196,4493,4.36234142,19.6,102482,22694,4.5158191592,404,1815,22.258953168,29,35.391750061,3,55.391432792,23,56.215476365,11.3,"No",9.5729013255,8.3081570997,0.706921944,1.1782032401,78.411980786,3539,44.1
"35","17067","Illinois","Hancock",242,7116.411931,13.997109854,3.7031970713,3.9951485179,6.4323111444,14.652541658,31.1,7.6,30.5,58.354271357,19.011845226,1,9,11.111111111,28,155.4,20.402380278,771,5.5720170557,4,22.19756,"4505:1",6,33.62475,"2974:1",27,151.31137,"661:1",4397,43,41,NA,82.220763723,2297,3766,60.993096123,400,8469,4.7231078049,16.8,92212,23009,4.0076491808,1106,3780,29.259259259,32,17.758046615,10,75.6859035,70,76.520294275,10.8,"No",7.3139158576,5.8823529412,1.2297734628,0.5177993528,84.860209685,8012,34.5
"36","17069","Illinois","Hardin",107,12782.388916,17.617054518,4.1467335961,4.3475970118,8.2191780822,17.958192509,24.5,7.8,25.5,77.893518519,17.954862783,3,6,50,5,123.6,23.899371069,211,7.2934669893,4,98.86307,"1012:1",1,25.57545,"3910:1",1,25.57545,"3910:1",12206,35,17,NA,91.8,556,929,59.849300323,105,1343,7.8183172003,32,82158,17926,4.5831752761,175,706,24.787535411,3,7.4147305981,8.5,206.58646251,15,74.096028453,11.1,"No",11.627906977,8.6608927382,0.6644518272,2.3255813953,86.414253898,1347,36.8
"37","17071","Illinois","Henderson",112,7736.2685501,13.845063873,3.5101359408,3.9008651394,10.538116592,14.314352686,26.5,8.8,31.9,44.086754877,18.85581456,4,9,44.444444444,16,235.5,21.459227468,383,7.5156985871,NA,NA,NA,11,163.95886,"610:1",2,29.8107,"3355:1",6167,47,46,NA,82,789,1294,60.973724884,183,3664,4.9945414847,16.1,88547,26215,3.3777226779,330,1270,25.984251969,8,11.773362767,NA,NA,29,84.587562711,10.7,"No",6.3829787234,5.224625624,1.1129296236,0.8183306056,84.17466708,3229,34.2
"38","17073","Illinois","Henry",632,6187.2575413,14.378699355,3.5950148752,3.9058653214,7.1524966262,14.6948895,36.6,8.4,25.6,77.205561938,20.295937837,7,29,24.137931034,115,233.1,23.502350235,2440,6.245360772,11,22.29971,"4484:1",20,40.7415,"2455:1",23,46.85272,"2134:1",3841,42,50,NA,92.072644628,7245,11140,65.035906643,1259,25083,5.0193358051,16.6,104789,23405,4.4772057253,2961,11034,26.835236542,69,13.987998703,58,129.81344912,156,63.203442157,11.3,"Yes",7.9731743666,7.185778668,0.5464480874,0.4719324391,86.304386119,22708,32.3
"39","17075","Illinois","Iroquois",497,9909.0662356,16.116657442,3.889652591,4.1103502017,7.7678989237,15.646659156,29,8.1,25.7,42.055320008,18.47785877,11,42,26.19047619,52,186.5,27.162139643,1683,7.7443401436,10,35.87315,"2788:1",8,28.98131,"3451:1",73,264.45443,"378:1",5088,40,37,NA,94.021289355,3464,6039,57.360490147,645,14394,4.4810337641,16.6,93795,22359,4.1949550517,1773,6072,29.199604743,43,15.425455589,36,136.36621906,148,104.69352386,11.7,"No",13.823529412,11.380329253,1.7647058824,2.3949579832,82.127822426,13065,31.9
"40","17077","Illinois","Jackson",717,8309.3282412,19.08448859,4.3643223631,4.5833535697,8.6624203822,18.822572359,23.7,6.4,24.8,77.54824139,19.478829609,13,49,26.530612245,635,1089.5,20.05436424,3557,7.6966352916,76,130.39599,"767:1",44,76.62969,"1305:1",144,250.78807,"399:1",4902,41,40,NA,86.635509397,11143,14384,77.468020022,1290,28137,4.5847105235,28.9,84714,13081,6.4761103891,4785,10469,45.706371191,92,15.784777984,245.5,418.52060212,222,75.609988693,11.5,"Yes",20.769068244,20.1812956,0.8028734418,1.2888231566,78.665185368,24303,19.5
"41","17079","Illinois","Jasper",110,5670.3988414,13.662605848,3.4921798266,3.9320318454,7.0440251572,14.925071324,24.9,8.5,20.5,35.636213652,20.217456788,5,14,35.714285714,24,250.6,20.276953511,449,5.8236057069,1,10.44059,"9578:1",1,10.40474,"9611:1",36,374.5708,"267:1",4948,48,39,NA,93,1347,2121,63.507779349,228,4617,4.9382716049,15.4,98705,20522,4.8097164019,386,2102,18.363463368,15,15.660889539,NA,NA,38,79.240955062,11.6,"No",7.3924731183,6.6377675427,0.1075268817,1.4784946237,79.827154878,4397,35.3
"42","17081","Illinois","Jefferson",596,9464.9891802,17.088516843,3.9194191348,4.2258731666,8.9248895434,17.155619404,33.3,7.4,24.7,57.624848688,19.35496759,9,34,26.470588235,153,400.7,42.596056987,1707,5.8724370442,24,62.86178,"1591:1",20,52.88207,"1891:1",84,222.10471,"450:1",5831,42,44,NA,86.016876574,5603,9395,59.638105375,938,17661,5.3111375347,25.5,96866,19998,4.8437843784,3098,8319,37.240052891,73,19.120458891,231,602.70827354,181,94.593040879,11.6,"No",12.376563529,9.4540612517,1.9091507571,1.8433179724,82.320126783,15775,19.4
"43","17083","Illinois","Jersey",350,8043.8275331,13.527783487,3.5090682587,3.8308563825,8.1934184016,14.591594214,33.8,8.6,35.4,74.30498151,20.970081164,7,15,46.666666667,47,214.2,15.457355883,870,5.0440630798,9,41.0191,"2438:1",10,45.77287,"2185:1",15,68.65931,"1456:1",6972,42,40,NA,84.5,3241,4839,66.976648068,534,11007,4.851458163,13.6,110180,27359,4.0271939764,966,4562,21.174923279,18,8.2038193337,29.5,132.04717889,114,102.92896096,11,"No",11.187214612,9.9249855741,0.7876712329,1.1415525114,85.418464193,10431,46.3
"44","17085","Illinois","Jo Daviess",272,7051.1527239,12.835257267,3.3224702343,3.7492812132,6.7984189723,13.212044771,28.7,8.6,25.8,73.375077167,19.357994612,9,34,26.470588235,55,254.7,15.523284927,1118,7.1269203799,10,46.30916,"2159:1",11,51.48367,"1942:1",17,79.56567,"1257:1",6946,48,47,NA,92.889334741,2611,4172,62.583892617,482,10983,4.3886005645,12.2,102344,26353,3.883580617,1065,4169,25.545694411,23,10.651106789,28.5,131.11284906,96,88.0168699,10.3,"No",11.290322581,9.9737532808,0.9781477627,0.7804370447,80.583624516,10589,26.8
"45","17087","Illinois","Johnson",201,7033.3097141,16.137607945,3.7688076657,3.9765409514,6.2416998672,16.530659705,24.6,7.1,26.1,69.058973136,20.140740483,5,13,38.461538462,21,162.8,24.542829644,499,5.8788878417,1,7.75194,"12900:1",3,24.08478,"4152:1",83,666.34554,"150:1",5408,43,44,NA,97.238391225,1456,3173,45.887173022,320,4100,7.8048780488,16.4,97217,22304,4.3587248924,688,2280,30.175438596,16,12.403100775,30.5,262.14009454,50,78.59040254,11.2,"Yes",9.6559378468,8.1797752809,1.4206437292,0.5549389567,84.589308996,3835,45.4
"46","17089","Illinois","Kane",4327,4935.4307905,16.040688669,3.5454121318,3.6730928453,7.1508427933,13.14262051,28.8,9.3,14.8,96.438947424,20.902985646,47,147,31.972789116,2037,381,20.695745371,41912,9.1037245076,218,40.77304,"2453:1",354,66.26533,"1509:1",1340,250.83487,"399:1",4709,40,49,NA,88.10308255,84520,136485,61.926218998,13452,273901,4.9112635587,11.9,146416,34668,4.223376024,36796,138618,26.54489316,385,7.2007436404,857,165.71738515,1107,41.636091533,12.8,"Yes",17.755583698,13.95639172,3.997812572,0.9584388671,79.686467125,260196,42.4
"47","17091","Illinois","Kankakee",1638,8898.7883088,16.445733525,3.8403488687,4.0592325456,9.1608846487,16.023435143,41.2,8,36.5,79.952225229,19.619378657,31,76,40.789473684,704,642.3,24.143028085,5858,6.6581044065,44,40.14415,"2491:1",53,48.17131,"2076:1",158,143.60503,"696:1",5900,43,46,NA,93.163778626,16066,26583,60.437121469,3032,55920,5.4220314735,20.2,108008,23230,4.6495049505,9524,25556,37.267177962,120,10.948405638,309.5,317.84175691,412,74.652422308,12.3,"No",15.773221344,14.174369223,1.4328063241,0.9263833992,83.385149594,49534,29.3
"48","17093","Illinois","Kendall",835,4474.6015169,13.435042057,3.0813495426,3.475683056,6.8602993585,13.875341355,31.4,9.4,22,93.856331056,23.116101592,11,40,27.5,412,326.4,8.9865847745,5984,5.2563618316,47,37.23716,"2685:1",47,36.74315,"2722:1",123,96.1576,"1040:1",4117,41,53,NA,95.267103935,26413,36285,72.79316522,2380,67661,3.5175359513,5.4,146913,47749,3.076776477,7412,36106,20.528444026,67,5.3082761571,127.5,104.20369984,257,41.216743941,12.4,"Yes",12.705283259,10.678247541,1.8841502228,0.5346912794,83.795068824,62987,51.2
"49","17095","Illinois","Knox",817,7711.5445309,17.961998821,4.1612264024,4.289513608,7.8461149076,17.757583803,29.2,7.6,30.1,76.624652771,18.298351814,11,39,28.205128205,204,402.9,29.380246473,2119,5.780457199,29,57.26924,"1746:1",19,37.91507,"2637:1",88,175.60664,"569:1",4615,50,50,NA,86.847717842,6485,11509,56.347206534,1183,22203,5.3281088141,22.7,86990,18321,4.7481032695,3864,9929,38.916305771,69,13.626130574,156,354.78735501,179,70.14161553,11.1,"Yes",11.53937101,10.048309179,1.3005438638,1.3478363679,82.393260031,21009,18.1
"50","17097","Illinois","Lake",5757,4856.1713627,14.044699195,3.189783999,3.6245527539,7.5104983463,13.759033259,25.4,9,19.8,98.817846593,20.373715274,66,203,32.512315271,3357,477.2,14.230093564,42349,7.134818399,783,111.29748,"898:1",802,114.43541,"874:1",1980,282.52135,"354:1",4711,44,51,NA,90.943451402,115807,166930,69.374588151,17099,378401,4.5187512718,10.3,174947,36005,4.8589640328,40828,173313,23.557378846,543,7.71833068,1056.5,154.19857244,1602,45.556726229,12.6,"Yes",16.335422875,13.830868474,2.5773301819,0.5857568595,76.85761721,354769,46.4
"51","17099","Illinois","LaSalle",1599,8209.3082735,15.107222908,3.8377195828,3.9349839197,7.3770491803,16.065017476,28.1,8.2,29.9,81.537691795,20.677331118,37,94,39.361702128,383,348,25.051838686,5166,5.921120497,40,36.3415,"2752:1",57,52.08809,"1920:1",101,92.29645,"1083:1",4608,46,45,NA,85.48473066,15721,26330,59.707557919,3262,56230,5.8011737507,20.2,106226,24180,4.3931348222,8162,23877,34.183523893,143,12.992086638,134,124.61986292,496,89.739159383,12,"No",13.297272932,12.071722248,0.9916610322,0.6648636466,84.740737793,50258,29
"52","17101","Illinois","Lawrence",260,8310.3060754,16.689726126,3.8834694391,4.0016642371,9.4947735192,17.81350613,22.6,7.7,26,41.008732846,20.895177773,8,19,42.105263158,35,216.5,43.832428239,745,6.7980655169,4,24.74023,"4042:1",1,6.34317,"15765:1",37,234.69711,"426:1",7582,42,45,NA,79.020783646,2296,4605,49.858849077,352,5981,5.885303461,20.9,92581,22445,4.1247939407,1048,3114,33.654463712,27,16.699653637,15,107.31148948,67,82.390555829,11.8,"No",10.261026103,7.1441523119,3.0603060306,0.8100810081,81.073674029,6203,24.5
"53","17103","Illinois","Lee",482,6753.8702061,15.238541428,3.5990708362,3.840482846,6.5110565111,16.018595132,37.1,8.6,27.7,65.968194055,19.587775835,17,33,51.515151515,97,281.9,24.231409965,1470,5.8109657272,24,69.75528,"1434:1",15,43.83017,"2282:1",152,444.14575,"225:1",4301,44,44,NA,83.375732899,5277,8453,62.427540518,788,17831,4.419269811,14.3,102956,25402,4.0530666877,1863,6731,27.677908186,47,13.660408068,48,141.62216387,135,78.397667815,11.4,"Yes",10.403554239,8.2374906647,1.5179563125,0.851536468,83.370668072,15178,25.1
"54","17105","Illinois","Livingston",546,8321.5801732,15.275449708,3.6608315964,3.946925558,7.5380359613,15.977553742,34.3,8.5,26.9,69.98716303,20.118026214,7,41,17.073170732,85,232.8,26.454330087,1577,5.7222685874,17,46.55239,"2148:1",15,41.94514,"2384:1",45,125.83541,"795:1",3647,50,51,NA,93.656704782,4473,8529,52.444600774,734,16610,4.4190246839,16.3,107460,23154,4.6410987302,2773,7540,36.777188329,61,16.704091133,68,183.64480933,171,93.24949967,11.6,"No",12.151462995,10.479166667,1.2048192771,1.1359724613,81.490264603,16024,25
"55","17107","Illinois","Logan",414,7928.1534642,14.046134963,3.5069330442,3.8422601799,8.4480303749,14.936069391,36.1,7.9,24.3,73.934994225,20.780061209,14,30,46.666666667,153,523.2,25.229013365,1055,5.2516302454,8,27.3551,"3656:1",16,55.31547,"1808:1",22,76.05877,"1315:1",4200,50,41,NA,82.157476636,4577,7524,60.832004253,606,12852,4.7152194211,17,104778,27889,3.7569651117,1380,5575,24.753363229,45,15.387245683,65,233.22987495,104,70.77863302,11.5,"Yes",7.9891057649,7.0032124828,0.7716749887,0.5447117567,79.335732984,12224,30.9
"56","17109","Illinois","McDonough",356,6624.9151495,17.1754568,4.0670838904,4.3517297879,6.6598881546,16.749291714,34.8,7.4,27.1,72.454924568,20.768385973,4,13,30.769230769,301,976.5,9.3580549239,1573,7.1379951899,15,48.66496,"2055:1",9,30.04507,"3328:1",61,203.63879,"491:1",4206,36,47,NA,89.252420185,4669,6548,71.304215027,684,13359,5.1201437233,22.9,96850,15580,6.2163029525,1532,5120,29.921875,43,13.950621289,81.5,257.36571194,98,63.231109706,10.8,"No",15.118243243,13.472654513,1.9847972973,1.097972973,74.893227578,13112,15.2
"57","17111","Illinois","McHenry",2908,5319.7585802,13.410050334,3.2857627073,3.7207096843,6.6039010766,13.611800059,33,8.9,21.3,91.671524809,22.039253491,51,119,42.857142857,759,245.5,9.3212362077,15821,5.9537428688,158,51.11251,"1956:1",193,62.54659,"1599:1",596,193.14904,"518:1",4866,42,50,NA,93.090276588,51688,73353,70.464739002,5799,165849,3.4965540944,7.8,147437,39380,3.743956323,14554,73738,19.737448805,216,6.9875324306,288,95.731314112,890,57.817662581,12.1,"No",13.699936427,12.149874343,1.6710562165,0.4677141041,82.378912315,160359,49.2
"58","17113","Illinois","McLean",1492,5514.6079745,14.719305294,3.4999604338,3.8027216952,7.8423149507,14.973773714,33.5,7.7,23.2,83.865260774,21.944173257,21,68,30.882352941,966,560.7,11.609046673,7229,5.1281505601,98,56.88084,"1758:1",116,67.11875,"1490:1",444,256.90282,"389:1",4077,55,57,NA,91.588411574,34198,43694,78.267038953,3680,87889,4.187099637,10.5,130476,25210,5.1755652519,9086,37419,24.281781982,203,11.782459806,496.5,287.30394327,473,54.697067289,11.7,"Yes",13.766962323,12.465711204,1.5540899098,0.5913122584,80.61097884,89463,15.6
"59","17115","Illinois","Macon",1585,8084.8688678,16.337623633,3.8841816905,4.2408942144,9.7391490272,16.439218044,31.5,7.4,29.6,85.029069767,17.846508609,23,63,36.507936508,756,714.5,35.59056417,4550,5.5362227143,88,83.17502,"1202:1",59,56.34502,"1775:1",154,147.07006,"680:1",6514,48,46,NA,84.808781484,16007,24788,64.575601097,2795,49961,5.5943636036,27,98691,20566,4.7987455023,9728,23610,41.202880136,162,15.311764539,416.5,389.60553025,397,74.523761254,11.8,"No",13.096299599,11.325873177,1.448952296,0.8916629514,83.815176463,47007,13.7
"60","17117","Illinois","Macoupin",700,8521.5324205,14.360907995,3.640731782,4.1235867912,9.6015061186,15.814530973,28,8.2,23.4,61.298021564,19.858591599,7,25,28,102,224.4,20.663744521,2149,5.9535682624,11,24.20455,"4131:1",16,35.30996,"2832:1",24,52.96493,"1888:1",4784,44,35,NA,87.940447234,6546,10438,62.713163441,1132,23066,4.9076562906,19.3,103007,23261,4.4283134861,3032,9666,31.36768053,73,16.063019848,75,170.07381203,203,88.582462418,11.5,"No",10.557184751,8.5173160173,1.4876033058,0.9064249533,83.457313168,20299,43
"61","17119","Illinois","Madison",3872,8583.3797377,15.327855388,3.5633936141,3.9721839776,8.5049112202,16.476964233,36.9,7.5,23.9,81.337779725,20.939101793,57,166,34.337349398,1238,466.4,23.230410719,10782,4.9205690007,121,45.58675,"2194:1",231,87.34747,"1145:1",416,157.30108,"636:1",5091,42,51,NA,86.985338718,47800,68146,70.143515393,6080,134575,4.5179268066,17.3,111283,24716,4.5024680369,18848,57791,32.614074856,362,13.638350136,580.5,248.72637528,1263,95.075567386,12.6,"No",12.096435079,10.584945013,1.051254497,1.051254497,85.263132343,123588,37.7
"62","17121","Illinois","Marion",707,11020.310499,16.715550642,3.9753565297,4.2113966595,8.7867326157,17.383112956,29.6,7.2,32.3,64.728554403,18.721893362,11,36,30.555555556,145,382.6,43.089328462,1854,6.173415024,14,36.93736,"2707:1",15,39.87241,"2508:1",110,292.39766,"342:1",6641,42,46,NA,82.080718796,5340,8767,60.91023155,879,17778,4.9443131961,30.2,89437,20122,4.4447371037,3535,8477,41.701073493,85,22.42625719,127.5,347.06626924,194,101.79879521,11.6,"Yes",12.941919192,9.5132039453,2.0517676768,1.8939393939,85.171990172,16280,24.3
"63","17123","Illinois","Marshall",208,8022.25368,13.494886361,3.4856533846,3.8608589529,8.111239861,14.477472573,26.5,8.4,26.5,58.393987342,20.258272002,8,15,53.333333333,19,162,27.589326097,528,5.8862876254,1,8.52515,"11730:1",4,34.68008,"2884:1",NA,NA,NA,3463,43,43,NA,86.506382979,1477,2435,60.657084189,286,5510,5.1905626134,13.6,104012,23773,4.3752155807,490,2318,21.138912856,21,17.902813299,18,161.11707841,46,77.704015271,11.5,"No",9.4853683148,8.3045685279,1.0090817356,0.2018163471,84.547002081,5287,48.3
"64","17125","Illinois","Mason",237,7534.7004087,14.906069905,3.7456682008,4.0902277747,8.0906148867,16.240359929,29.8,7.4,27.4,54.670666848,19.414932841,3,7,42.857142857,36,262.5,31.207598372,663,6.2529472791,3,21.87386,"4572:1",5,36.85957,"2713:1",4,29.48765,"3391:1",4358,44,35,NA,87.041523342,1572,2999,52.417472491,379,6318,5.9987337765,23.4,90077,22115,4.0731177934,1114,2808,39.672364672,20,14.582573824,36,363.5996364,65,95.048694177,11.2,"No",11.585866886,10.17369727,0.8052588332,0.8216926869,80.708401977,6070,43.1
"65","17127","Illinois","Massac",293,11413.566975,16.496836009,3.9261385011,4.2177694444,7.8733031674,16.249928423,33.4,7.8,30.9,77.166375008,18.150717856,7,16,43.75,68,474.1,36.668951337,696,6.1435254656,3,20.91467,"4781:1",5,35.51136,"2816:1",43,305.39773,"327:1",5597,45,47,NA,86.321171171,2063,3304,62.439467312,403,5748,7.0111343076,26.1,88472,18706,4.7296054742,1074,3197,33.59399437,25,17.428890128,47,318.13720513,68,93.466936071,11.2,"No",13.865546218,12.46179966,1.512605042,0.3361344538,84.753042233,5588,28.3
"66","17129","Illinois","Menard",165,7038.7460252,13.071017378,3.4232929307,3.8680147271,7.8823529412,14.616425182,30.1,8.9,22.3,42.109405746,20.987927989,3,9,33.333333333,24,196,13.559322034,535,5.4073175662,5,40.83299,"2449:1",2,16.27604,"6144:1",5,40.6901,"2458:1",3877,41,39,NA,86.882966226,1754,2779,63.116228859,268,6689,4.0065779638,14.5,120477,31314,3.8473845564,893,2671,33.433171097,11,8.9832584728,9.5,83.766863592,50,80.563298584,11.1,"No",11.781609195,9.8344693281,1.8199233716,0.6704980843,82.120305749,6018,49.1
"67","17131","Illinois","Mercer",251,7129.2038665,13.724373552,3.4377685641,3.832550437,7.51953125,15.154565366,32.6,8.2,24.2,54.442010466,20.125443892,1,5,20,38,243.3,20.420986491,653,5.3441361814,3,19.20861,"5206:1",3,19.22954,"5200:1",2,12.81969,"7801:1",3304,47,44,NA,87.4,2201,3383,65.060597103,428,8103,5.2819943231,12.6,98096,26998,3.63345433,908,3371,26.93562741,28,17.928031758,15,95.712098009,62,78.728159285,10.8,"Yes",8.7585681645,6.8619892059,0.5788271135,1.2795125666,89.71975393,7315,47
"68","17133","Illinois","Monroe",279,4016.0307753,11.515169686,3.0908708208,3.5826112893,7.5268817204,12.96732071,36.3,9,20.7,78.013775526,21.909301462,6,16,37.5,74,217,7.8497336698,1038,3.6590524535,12,35.19371,"2841:1",28,81.54944,"1226:1",45,131.0616,"763:1",5452,48,52,NA,92.859009547,6332,7912,80.03033367,644,18595,3.4632965851,4.3,146948,34475,4.2624510515,1100,7657,14.365939663,48,14.077484823,10.5,31.124483111,94,55.261285942,11.3,"No",9.63161934,8.5098190219,0.7981580967,0.7290867229,85.60520362,17680,53.3
"69","17135","Illinois","Montgomery",426,8391.5997787,15.439206509,3.890972322,4.0171236771,8.4205518554,16.110020389,31,7.8,27.3,44.851182567,20.018902602,9,33,27.272727273,70,243.1,24.344917302,1257,5.9814418273,18,62.52171,"1599:1",18,62.93486,"1589:1",21,73.42401,"1362:1",5805,44,31,NA,86.096663954,3906,7105,54.975369458,706,11891,5.9372634766,20.1,93447,20766,4.5,2221,5680,39.102112676,43,14.935741577,37,132.05324958,127,87.828492393,11.4,"No",9.7474523704,7.9730941704,1.2405848471,1.2405848471,87.350921576,11068,30.4
"70","17137","Illinois","Morgan",519,7844.6188618,15.911182542,3.7993652637,4.1267116943,9.7314130012,16.13652531,32.1,7.3,25.9,62.688834501,19.547698678,5,19,26.315789474,132,390.6,24.750499002,1303,5.221817016,14,41.42257,"2414:1",17,50.03532,"1999:1",35,103.01389,"971:1",4656,44,42,NA,77.687164179,4976,8281,60.089361188,719,16309,4.4086087436,23.1,93505,20457,4.5708070587,2363,6413,36.847029471,49,14.497899284,56,169.02598775,141,82.068355373,10.9,"Yes",11.453425154,10.022042616,1.0873504893,1.1235955056,82.431118314,15425,27
"71","17139","Illinois","Moultrie",178,5782.6410478,14.60219678,3.6758655815,4.0344378774,7.0487993803,15.696260362,24.8,8.8,24.2,68.974808029,20.268079179,3,9,33.333333333,40,272.3,16.954574536,954,8.0309790386,4,27.23312,"3672:1",2,13.58973,"7359:1",18,122.30754,"818:1",6196,46,43,NA,96.064449064,2171,3393,63.98467433,289,7524,3.8410419989,13.4,104741,27202,3.8504889346,630,3684,17.100977199,20,13.616557734,NA,NA,58,78.378378378,11.5,"Yes",10.508182601,7.2493929934,2.5839793282,2.1533161068,78.075179172,6837,35.2
"72","17141","Illinois","Ogle",662,6952.7208178,15.001773139,3.5994723028,3.8723729364,6.3651137595,15.028075484,37.1,8.5,28.2,61.964222293,20.178141919,11,33,33.333333333,158,309.4,17.854120833,2762,6.6498134104,33,64.62605,"1547:1",20,39.27498,"2546:1",71,139.42619,"717:1",4772,40,49,NA,94.192792162,7442,11752,63.325391423,1275,25289,5.0417177429,11.2,111199,27554,4.035675401,3626,11575,31.326133909,74,14.49190216,29,71.13422292,160,62.256082614,11.5,"Yes",12.584215592,10.779315368,1.6843118383,0.6015399423,81.211997552,24505,37.2
"73","17143","Illinois","Peoria",2485,8427.180931,15.623082311,3.7293870035,3.9394728942,9.6760141574,16.59556525,35.9,7.4,22,82.098083584,19.003610648,33,84,39.285714286,1669,912,34.725336984,9418,6.3206356876,224,122.39701,"817:1",151,83.60047,"1196:1",429,237.51391,"421:1",3878,46,49,NA,82.227084947,34089,47877,71.201203083,4846,87398,5.5447493078,22.8,106649,21476,4.9659620041,18455,43451,42.473130653,254,13.878947167,978.5,523.7788085,709,76.883204761,11.9,"No",13.858497447,12.173737101,1.5914064054,0.7492871825,82.726549593,81715,14.8
"74","17145","Illinois","Perry",288,6607.7393181,15.280889094,3.754063319,3.8921454132,7.5085324232,16.145867168,32.1,7.5,26.4,79.382550336,20.707291553,6,18,33.333333333,48,225.5,32.495903878,854,5.6608776349,11,51.67959,"1935:1",6,28.33664,"3529:1",39,184.18816,"543:1",5047,41,29,NA,91.449701314,2638,5654,46.657233817,505,8456,5.9720908231,23.4,90091,17975,5.0120166898,1464,4059,36.067997044,54,25.369978858,27.5,131.49401105,79,73.810391382,11.4,"Yes",12.917181706,11.6,0.7292954265,1.174289246,83.416125334,7851,34.2
"75","17147","Illinois","Piatt",191,6214.2898267,11.976344245,3.2439752028,3.6501787602,6.2550120289,13.429547099,25.2,9.2,22.2,60.123139458,21.387737778,4,9,44.444444444,39,237.2,15.017430947,631,4.7361705322,8,48.64701,"2056:1",5,30.49524,"3279:1",10,60.99049,"1640:1",3542,50,49,NA,92.547619048,2756,3780,72.91005291,363,8430,4.3060498221,8.2,111542,33674,3.3124071984,809,3693,21.906309234,24,14.594101551,24.5,167.18414139,60,72.975832837,11.6,"No",7.6576576577,6.7669172932,0.3453453453,0.9009009009,85.305164319,8520,35.2
"76","17149","Illinois","Pike",245,8706.5888378,16.551702903,3.9364518492,4.1974046925,6.8147013783,16.71050823,29.8,7.8,32.1,57.924528302,19.270301806,9,16,56.25,33,208.6,30.862233535,865,7.1487603306,8,50.5657,"1978:1",9,57.65166,"1735:1",13,83.27461,"1201:1",4748,47,24,NA,83.009202454,1881,3524,53.376844495,349,7256,4.8098125689,19.6,83302,19931,4.1795193417,987,3510,28.11965812,18,11.377283358,15,94.029149036,67,84.390311488,10.6,"No",9.8261526833,7.9023646072,1.1186696901,1.1337868481,80.879988306,6841,36.5
"77","17151","Illinois","Pope",NA,NA,14.553162723,3.645583119,3.908616292,11.822660099,14.575875611,26.6,7.9,22.5,97.785234899,18.629005109,2,4,50,14,323.7,28.714107366,226,7.5484301937,NA,NA,NA,NA,NA,NA,1,23.74169,"4212:1",8032,42,28,NA,85.7,397,735,54.013605442,107,1751,6.1107938321,27.1,85611,18969,4.5132057568,84,602,13.953488372,9,20.809248555,NA,NA,18,84.921683336,11.1,"No",9.4339622642,7.3076923077,1.2578616352,0.6289308176,85.299003322,1204,59.7
"78","17153","Illinois","Pulaski",113,9381.5110035,21.174406401,4.4870638847,4.5222577392,10.273972603,19.371424094,34.6,6.6,22.9,66.482713845,15.816216303,3,9,33.333333333,38,689.8,42.457091238,317,7.4518100611,NA,NA,NA,NA,NA,NA,2,36.60992,"2732:1",3773,41,36,NA,95.174380165,694,1209,57.402812242,169,2055,8.2238442822,33.4,70344,15188,4.6315512247,467,1151,40.573414422,13,23.597749138,17,351.09458901,21,74.775672981,11.1,"No",12.910284464,10.622222222,0.875273523,1.750547046,85.504885993,1842,44.3
"79","17155","Illinois","Putnam",NA,NA,12.902229477,3.3455322796,3.6755336684,8.1460674157,13.631298881,26,9,19.6,49.85014985,20.480210023,3,4,75,17,296.8,15.094339623,259,5.8465011287,1,17.46115,"5727:1",2,34.84321,"2870:1",NA,NA,NA,4199,50,41,NA,84.7,707,1192,59.312080537,159,3040,5.2302631579,12.5,105000,30321,3.4629464727,427,1071,39.869281046,0,0,0.5,11.564704522,23,80.59994393,11.3,"No",9.0163934426,7.468879668,1.1885245902,0.4098360656,87.27647868,2908,30.6
"80","17157","Illinois","Randolph",462,8307.7432648,16.019171044,3.7366050732,3.9037384819,7.1519795658,17.198193684,27.2,8.3,26.8,68.688015295,20.132633297,10,34,29.411764706,75,231.3,32.320734723,1234,5.4939673211,14,43.17922,"2316:1",10,31.14683,"3211:1",32,99.66984,"1003:1",6084,39,29,NA,87.711350919,4175,8704,47.966452206,630,14202,4.4359949303,17.8,94344,24199,3.8986734989,2170,6236,34.797947402,68,20.972766246,29.5,97.469107249,166,101.92115232,11,"Yes",8.7778244435,7.6068376068,0.9155816884,0.5879882402,83.606170313,12706,33.5
"81","17159","Illinois","Richland",244,8519.2688292,16.571638331,4.0475435609,4.2838179883,6.8369646882,16.866835982,28.1,8.3,21.8,66.284728639,18.945897239,1,10,10,34,213.8,34.447821682,798,6.3428980208,8,50.3113,"1988:1",4,25.37588,"3941:1",70,444.0779,"225:1",6472,43,48,NA,91.7,2371,3638,65.173172073,350,7455,4.6948356808,20.9,94211,20647,4.5629389258,1210,3541,34.171138097,30,18.866737941,53.5,333.60354181,69,86.592038552,11.7,"No",9.6899224806,7.2769953052,1.5503875969,1.3178294574,83.2251693,7088,22.3
"82","17161","Illinois","Rock Island",1973,7061.0031437,17.009410403,3.7470311271,4.011815928,7.1592256025,16.597852904,33.7,8,22.3,90.693071991,20.277256419,19,50,38,715,493.8,32.62023484,7658,6.7429185267,75,51.79272,"1931:1",99,69.00061,"1449:1",278,193.75928,"516:1",4886,52,52,NA,92.542577288,22722,35290,64.38651176,3757,71847,5.2291675366,21.9,100224,22918,4.3731564709,13516,32288,41.860753221,186,12.844594221,505,346.51461194,497,68.526676456,11,"Yes",13.660565724,11.377800236,2.2296173045,0.9484193012,83.460814485,66938,15.8
"83","17163","Illinois","St. Clair",3825,9331.410027,17.55936737,4.0280365542,4.1229251095,9.8364910459,17.634094955,37.1,6.7,31.4,85.807388097,20.290930522,63,176,35.795454545,2219,845.4,29.596794817,13505,6.1790247161,156,59.43333,"1683:1",184,70.48215,"1419:1",314,120.27932,"831:1",6162,42,43,NA,88.178642007,45736,67886,67.371770321,6423,127192,5.0498459023,22,111084,21076,5.2706395901,26560,62038,42.812469777,291,11.086601214,1590,615.22031852,1069,81.226188721,11.9,"Yes",15.028732833,13.590972638,1.5681309048,0.7499756501,83.033198273,119946,34.3
"84","17165","Illinois","Saline",488,10438.29097,17.858517367,4.1904614859,4.4411149304,8.9667728721,18.731811959,27.1,6.3,35.6,65.949504275,18.130061341,5,22,22.727272727,85,352.7,47.220967013,1323,7.0537428023,15,62.2355,"1607:1",9,37.64745,"2656:1",42,175.68811,"569:1",7662,35,25,NA,87.892461005,3773,5684,66.379310345,643,9879,6.508755947,29.7,87397,14552,6.0058411215,2103,5198,40.457868411,48,19.915359721,79.5,345.6446599,114,93.846470467,11.5,"No",13.336663337,11.428571429,2.1478521479,0.4995004995,85.77175524,9446,31.7
"85","17167","Illinois","Sangamon",2593,7606.7490617,15.749531105,3.7748163546,4.2621110565,10.305917753,16.901595992,30.6,7.9,23.6,83.398070544,20.283605723,24,94,25.531914894,1354,689.2,25.549883105,8760,5.4573998854,236,120.13113,"832:1",171,87.53609,"1142:1",448,229.33432,"436:1",4688,47,51,NA,85.277775167,34973,49419,70.768327971,4506,104949,4.2935139925,20,117015,23511,4.9770320276,18660,44033,42.377307928,374,19.037729318,1566.5,814.52151736,752,76.189858643,11.5,"No",13.230861965,11.872981045,1.3984327908,0.6690777577,83.623219222,94060,14.9
"86","17169","Illinois","Schuyler",141,9365.2944615,15.735633512,3.840489689,4.0954715817,7.5294117647,16.459891129,25.9,8,21.9,35.299575822,18.930683301,2,7,28.571428571,7,99.5,24.781341108,374,6.8372943327,2,28.42928,"3518:1",NA,NA,NA,5,72.39033,"1381:1",4029,43,33,NA,88,1064,1638,64.957264957,149,3334,4.4691061788,14.9,86623,25342,3.418159577,613,1329,46.124905944,12,17.057569296,10,139.74287311,37,105.03307122,10.6,"No",4.222972973,3.3898305085,0.6418918919,0.5067567568,78.048780488,2870,28.4
"87","17171","Illinois","Scott",77,9694.9129411,15.151326306,3.8094624793,4.0800354331,6.2130177515,16.011124784,28.2,8.5,25.6,48.571428571,19.326694993,0,3,0,11,219.9,17.621145374,201,5.0149700599,NA,NA,NA,1,20.30045,"4926:1",NA,NA,NA,6093,43,39,NA,95.432098765,570,1092,52.197802198,133,2481,5.3607416364,15,94571,23675,3.9945512144,408,1110,36.756756757,7,13.994402239,1,27.921262041,19,75.167148,10.6,"Yes",9.3301435407,7.9217603912,1.3397129187,0.7177033493,83.282542447,2297,29.8
"88","17173","Illinois","Shelby",286,6284.4437889,14.994887962,3.7869502909,4.0327396934,7.7370564282,15.608280733,32.3,8.1,25.5,51.124625497,19.243831651,5,16,31.25,47,216.4,28.824833703,858,5.0835407039,6,27.62558,"3620:1",6,27.59763,"3624:1",6,27.59763,"3624:1",6031,46,46,NA,93.461187215,2819,4739,59.485123444,463,10725,4.317016317,13.3,89071,23289,3.8245953025,1110,4656,23.840206186,37,17.035775128,9,51.85227862,83,76.146788991,11.6,"No",8.6272381986,6.5498357065,1.3456321215,0.9766684753,87.637254902,10200,34.7
"89","17175","Illinois","Stark",94,8831.504967,14.795056816,3.7349803215,4.0244610978,5.6470588235,15.859073109,25.5,7.8,24,56.806806807,19.194908153,2,8,25,18,331.2,23.31002331,269,6.2806444081,1,18.40265,"5434:1",1,18.42639,"5427:1",NA,NA,NA,3552,40,45,NA,90.9,616,1136,54.225352113,163,2587,6.3007344414,17.2,96075,21743,4.4186634779,440,1196,36.789297659,10,18.402649982,1.5,40.733197556,24,84.991854947,11,"No",9.243697479,7.59762309,1.218487395,0.5882352941,79.459241324,2478,39.7
"90","17177","Illinois","Stephenson",605,6968.4383364,16.527653259,3.9857053856,4.267460904,9.1380801384,16.163153541,34,8.1,25,65.674582381,18.24828708,8,18,44.444444444,166,368.4,28.620430914,2186,6.287029048,19,42.17162,"2371:1",23,51.3932,"1946:1",91,203.33832,"492:1",4744,40,47,NA,81.769498681,6145,9224,66.619687771,1041,21904,4.7525566107,20.9,91811,20676,4.4404623718,4483,9731,46.06926318,68,15.092999512,55.5,127.64782999,209,91.821716495,10.7,"Yes",12.51596424,11.093831001,0.6641123883,1.2260536398,79.01388224,20890,25.3
"91","17179","Illinois","Tazewell",1703,6842.0137428,12.977281957,3.3847985223,3.8239783084,6.3595673256,15.30132726,32.5,8.1,25.4,84.20535622,21.076996312,10,49,20.408163265,367,274.9,22.066497689,4979,4.6238426463,62,46.4329,"2154:1",66,49.87607,"2005:1",240,181.36751,"551:1",4284,44,52,NA,88.999379403,23358,33679,69.354790819,3190,65386,4.8787202153,12.2,113740,29515,3.8536337456,7616,30214,25.206857748,186,13.929871336,308.5,241.30028393,431,64.256812564,12.1,"No",8.5332356711,6.7959372114,1.2451931881,1.1902581945,86.807911413,62492,24.4
"92","17181","Illinois","Union",305,9277.4154206,16.722820266,4.0703686335,4.2175546852,5.6024558711,16.923430909,37.2,8,28.9,54.30705301,18.970672441,7,22,31.818181818,38,223.5,27.982779828,971,7.252763669,12,70.58824,"1417:1",10,59.3789,"1684:1",23,136.57146,"732:1",5499,42,52,NA,91.452810304,2393,4079,58.666339789,480,7423,6.4663882527,24.5,93023,18998,4.8964627856,1228,3526,34.826999433,24,14.117647059,35,211.999152,67,77.990408344,11.2,"No",11.669128508,8.7387387387,2.3485967504,0.9601181684,83.421090081,7027,43.2
"93","17183","Illinois","Vermilion",1370,10669.510821,17.946635114,4.0705883514,4.2575801095,10.70323488,17.673739551,40.9,7.4,31.5,75.141194487,18.973438558,20,53,37.735849057,516,662.3,47.581809432,3920,6.4625682114,34,43.64066,"2291:1",28,36.45549,"2743:1",226,294.24785,"340:1",6848,38,34,NA,83.156116084,9247,18273,50.604717343,2074,33578,6.1766632914,29.5,87768,19725,4.449581749,8031,18411,43.620661561,115,14.760810689,549,704.73158584,364,92.896007513,11.6,"No",12.175015853,10.605522364,1.4267596703,0.8243500317,84.421450538,31216,23.7
"94","17185","Illinois","Wabash",140,5283.2314942,15.011810245,3.7695358998,4.0289765012,7.1285140562,15.8928839,35.4,8.5,22.1,71.50749142,19.629584769,2,5,40,22,191.5,31.63126977,546,5.981595092,5,43.51989,"2298:1",5,43.29379,"2310:1",33,285.73903,"350:1",5165,41,30,NA,76.9,1658,2615,63.403441683,255,5728,4.4518156425,18.8,92068,20853,4.4150961492,505,2552,19.788401254,23,20.019148751,18,156.50812973,33,57.270786692,11.8,"No",9.4943240454,7.3761854584,1.4447884417,1.5479876161,84.301322599,5217,25.8
"95","17187","Illinois","Warren",221,6819.7853654,15.990092717,3.7499771429,3.9878555728,6.4323607427,15.126566838,26.1,8.6,26.6,65.262325634,19.878091859,3,16,18.75,50,291.3,18.638414754,1001,7.7315208156,7,40.77591,"2452:1",6,35.22781,"2839:1",3,17.6139,"5677:1",3889,50,41,NA,93.926361386,2310,3818,60.50288109,367,8691,4.2227591762,17.2,93628,23389,4.0030783702,1458,3850,37.87012987,20,11.650259218,40.5,230.66408475,47,54.036652947,10.9,"Yes",10.058737151,6.576980568,3.0102790015,0.8810572687,78.039561547,7937,22.2
"96","17189","Illinois","Washington",171,7377.6687999,13.618869517,3.4748740268,3.7994128475,7.0191431176,14.898226746,28.4,8.8,29.5,54.179124762,20.800687695,14,36,38.888888889,33,235.2,22.606852702,597,5.3360743654,3,21.38275,"4677:1",4,28.58164,"3499:1",14,100.03573,"1000:1",4107,50,47,NA,92.077627119,2422,3289,73.639404074,290,9625,3.012987013,10.5,105069,28633,3.669507212,787,3009,26.154868727,35,24.946543122,46,331.59127771,82,115.84211567,11.3,"Yes",9.2082616179,7.5501307759,1.5490533563,0.4991394148,85.699928212,6965,35
"97","17191","Illinois","Wayne",232,7328.785175,15.30847271,3.8252594351,4.1334043955,8.2402234637,16.056915834,31.1,7.8,26.3,41.676610979,18.992807692,4,15,26.666666667,28,169.7,37.272727273,864,6.6836853098,7,42.4371,"2356:1",4,24.4918,"4083:1",17,104.09013,"961:1",2627,46,43,NA,80.071164773,2331,3677,63.394071254,386,6949,5.55475608,21,85272,23303,3.6592713385,1039,3728,27.870171674,39,23.643528342,44,283.06742151,75,91.253087396,11.6,"No",8.7420042644,6.2572254335,1.6204690832,1.421464108,81.55704698,7450,31.8
"98","17193","Illinois","White",252,9076.972385,15.079477092,3.7878052196,4.1119807739,8.4714548803,15.989555681,29.4,7.4,21.3,35.942720764,19.101665348,2,13,15.384615385,37,265.5,47.506870828,659,6.0810187321,4,28.69852,"3485:1",6,43.90779,"2278:1",15,109.76948,"911:1",6578,38,41,NA,92.193990755,2028,3120,65,288,6685,4.3081525804,19.3,85339,20739,4.1149042866,954,3031,31.474760805,39,27.981058975,24,278.35768963,56,79.324607626,11.6,"No",9.8625707357,7.6948318294,1.4551333872,0.9700889248,83.756257552,5793,34.3
"99","17195","Illinois","Whiteside",797,7402.6533124,14.541292095,3.540548419,3.9249451932,5.9821223928,15.235005268,33.5,8.4,26,71.886218332,19.773438637,11,31,35.483870968,184,327.9,29.440548035,2639,5.9784332382,33,58.80466,"1701:1",25,44.94301,"2225:1",73,131.2336,"762:1",4835,44,46,NA,87.545332338,7665,12422,61.705039446,1302,28466,4.5738776084,17.1,96898,25163,3.8508127012,4035,12533,32.195005186,86,15.324851206,106,190.9600245,203,71.925877372,11.2,"No",10.187154402,8.7059329321,1.2760527435,0.7230965547,84.784954524,25948,19.8
"100","17197","Illinois","Will",6426,5835.1399619,14.617554804,3.2747870277,3.6989162752,7.456262407,13.070465481,31.8,8.8,22.8,96.989196529,20.838452362,95,274,34.671532847,2692,388.6,12.881294782,37503,6.2626181662,379,54.71652,"1828:1",381,55.03315,"1817:1",783,113.09962,"884:1",6236,42,46,NA,91.345370502,121621,176100,69.063600227,14441,357226,4.0425388969,8.6,149626,38057,3.9316288725,41257,176156,23.420718,477,6.8864855969,1103.5,162.86176232,1693,49.112579492,13.3,"No",14.718172119,12.792914004,1.9559032717,0.5978840683,83.906609149,342389,50.1
"101","17199","Illinois","Williamson",1015,7656.8957857,15.461638923,3.7089823396,3.9958198199,8.4368151936,16.098025787,26.9,8.1,28.8,76.498334765,19.619967439,17,61,27.868852459,187,277.7,31.858831044,2859,5.3857021758,57,84.66017,"1181:1",40,59.65163,"1676:1",138,205.79814,"486:1",6610,42,43,NA,83.932640333,11639,17321,67.195889383,1637,31873,5.1360085339,20,95002,20597,4.6124192844,5642,14493,38.929138205,127,18.862880228,40,63.022893066,300,89.174776617,11.6,"Yes",10.557843504,9.5003785011,1.0857356795,0.5803070011,84.250175193,28540,25.9
"102","17201","Illinois","Winnebago",4244,9265.1188451,18.42355788,4.2362071167,4.1609990058,8.8039536089,17.029516572,33.3,7.7,24.7,90.842833242,19.816976575,54,142,38.028169014,1980,695.3,28.998435055,17210,7.3973144439,202,70.93245,"1410:1",219,77.09069,"1297:1",542,190.79065,"524:1",5152,44,49,NA,79.382023011,41696,69747,59.781782729,8095,141196,5.7331652455,27.2,101040,22173,4.5568935191,29519,66919,44.111537829,287,10.07802569,2522.5,887.49641571,1365,95.431054733,11.5,"Yes",15.489938758,13.315000444,1.9422572178,1.2554680665,82.646117968,130357,22.2
"103","17203","Illinois","Woodford",360,5981.2743855,12.508457676,3.2851485373,3.7107533171,6.0886829914,13.563108335,27.1,9.1,23.2,74.878439892,21.613364071,4,18,22.222222222,82,211.7,11.669849353,1418,4.4944532488,20,51.64489,"1936:1",7,18.19931,"5495:1",11,28.59891,"3497:1",3103,47,55,NA,94.052874494,6523,8732,74.702244617,782,19161,4.0812066176,7.7,126714,35112,3.6088516746,1906,9537,19.985320331,57,14.718793575,24.5,73.28965868,126,64.700656763,11.9,"No",9.0752242926,7.915218902,0.8902691511,0.8557625949,86.534728214,18544,30.9
